mode,nb_fourmis,taille_grille,iterations,nourriture_collectee,premiere_nourriture_iter,temps_fourmis,temps_evaporation,temps_maj_pheromone,temps_total_calcul,temps_rendu,temps_wall,temps_moyen_iter_ms,iter_par_sec,debit_fourmis_iter
sequentiel,5000,513,4661,2085,2942,12.489763,3.731649,0.048411,16.269823,11.461647,27.841726,3.490629,286.481299,1432406.495341
sequentiel,5000,513,1000,0,0,1.763155,0.545404,0.005533,2.314092,0.000000,2.316898,2.314092,432.134881,2160674.403523
sequentiel,5000,513,1000,0,0,1.877617,0.554792,0.005831,2.438240,0.000000,2.440393,2.438240,410.131882,2050659.407989
sequentiel,5000,513,5000,2108,2942,7.208978,2.364931,0.023193,9.597102,0.000000,9.600947,1.919420,520.990607,2604953.036865
sequentiel,5000,513,852,0,0,4.399146,1.187609,0.019603,5.606358,27.966480,33.783229,6.580232,151.970330,759851.650559
sequentiel,5000,513,567,0,0,2.796196,0.743521,0.014029,3.553746,15.425233,19.036231,6.267629,159.549960,797749.799662
